<?xml version="1.0" encoding="utf-8"?>
<!DOCTYPE install PUBLIC "-//Joomla! 2.5//DTD template 1.0//EN" "https://www.joomla.org/xml/dtd/2.5/template-install.dtd">
<extension version="3.1" type="template" client="site">
	<name>esitemplate</name>
	<version>1.0</version>
	<creationDate>9/30/2020</creationDate>
	<author>litespeedtech.com</author>
	<authorEmail>info@litespeedtech.com</authorEmail>
	<copyright>Copyright (C) 2005 - 2020 Open Source Matters, Inc. All rights reserved.</copyright>
	<description>A blank template used when displaying ESI Modules with the Litespeed Cache Plugin</description>
	<files>
		<filename>index.php</filename>
		<filename>templateDetails.xml</filename>
	</files>
	<positions>
		<position>esi</position>
	</positions>
</extension>